{"errors":[],"warnings":[],"namedChunkGroups":{"app":{"chunks":[8,1],"assets":["webpack-runtime-32576de940d98ee91e26.js","webpack-runtime-32576de940d98ee91e26.js.map","app-588d3c18cc1725451ebd.js","app-588d3c18cc1725451ebd.js.map"],"children":{},"childAssets":{}},"component---src-templates-page-template-js":{"chunks":[0,7,2],"assets":["0.40978eb6cc8a17e8b809.css","0-bed1d16073de7e30c60e.js","0.40978eb6cc8a17e8b809.css.map","0-bed1d16073de7e30c60e.js.map","7.5c585737cd825c694436.css","7-2682d94277259ae5f34a.js","7.5c585737cd825c694436.css.map","7-2682d94277259ae5f34a.js.map","component---src-templates-page-template-js-27eb9e352075be7fa1c8.js","component---src-templates-page-template-js-27eb9e352075be7fa1c8.js.map"],"children":{},"childAssets":{}},"component---src-pages-404-js":{"chunks":[0,3],"assets":["0.40978eb6cc8a17e8b809.css","0-bed1d16073de7e30c60e.js","0.40978eb6cc8a17e8b809.css.map","0-bed1d16073de7e30c60e.js.map","component---src-pages-404-js-408423e8c8409f6c1a00.js","component---src-pages-404-js-408423e8c8409f6c1a00.js.map"],"children":{},"childAssets":{}},"component---src-pages-content-js":{"chunks":[0,4],"assets":["0.40978eb6cc8a17e8b809.css","0-bed1d16073de7e30c60e.js","0.40978eb6cc8a17e8b809.css.map","0-bed1d16073de7e30c60e.js.map","component---src-pages-content-js-5515102c6074e374c574.js","component---src-pages-content-js-5515102c6074e374c574.js.map"],"children":{},"childAssets":{}},"component---src-pages-index-js":{"chunks":[0,5],"assets":["0.40978eb6cc8a17e8b809.css","0-bed1d16073de7e30c60e.js","0.40978eb6cc8a17e8b809.css.map","0-bed1d16073de7e30c60e.js.map","component---src-pages-index-js-c3287d8ed6a5ae0cba38.js","component---src-pages-index-js-c3287d8ed6a5ae0cba38.js.map"],"children":{},"childAssets":{}}},"assetsByChunkName":{"app":["webpack-runtime-32576de940d98ee91e26.js","app-588d3c18cc1725451ebd.js"],"component---src-templates-page-template-js":["0.40978eb6cc8a17e8b809.css","0-bed1d16073de7e30c60e.js","7.5c585737cd825c694436.css","7-2682d94277259ae5f34a.js","component---src-templates-page-template-js-27eb9e352075be7fa1c8.js"],"component---src-pages-404-js":["0.40978eb6cc8a17e8b809.css","0-bed1d16073de7e30c60e.js","component---src-pages-404-js-408423e8c8409f6c1a00.js"],"component---src-pages-content-js":["0.40978eb6cc8a17e8b809.css","0-bed1d16073de7e30c60e.js","component---src-pages-content-js-5515102c6074e374c574.js"],"component---src-pages-index-js":["0.40978eb6cc8a17e8b809.css","0-bed1d16073de7e30c60e.js","component---src-pages-index-js-c3287d8ed6a5ae0cba38.js"]}}